Verizon 15 Chestnut St,42.26551,-71.804872,
Verizon 900 Chelmsford St,42.6147171,-71.3244925,
Verizon 51 S Bedford St,42.486234,-71.200085,
Verizon 50-60 Sylvan Rd,42.394503,-71.2732565,
Verizon 125 High St - High Tower,42.3552909,-71.0530768,
TD Garden,42.366303,-71.062228,
Craigie on Main,42.363513,-71.098585,
Entrepreneur Walk of Fame,42.378493,-71.068125,
Mr. Bartley's Burger Cottage,42.372443,-71.116158,
Verizon 6 Bowdoin Sq,42.2994631,-71.0733678,
Verizon 200 Ballardvale ST,42.5874153,-71.1581594,
Verizon 385 Myles Standish Blvd,41.954417,-71.13505,
America's Cup Hall of Fame,41.66354,-71.272913,
New England Patriots Hall of Fame,42.094399,-71.252674,
Verizon 20 Alexander DR,41.479327,-72.8009675,
Louis? Lunch,41.306455,-72.930373,
Splish Splash,40.924221,-72.730441,
Verizon 741 Zeckendorf Blvd,40.7404371,-73.6047292,
Adventureland Amusement Park,40.752605,-73.419764,
Verizon 199 Fulton Ave,40.7083715,-73.6286338,
Verizon 221 E 37Th St,40.747432,-73.975441,
Irish American Baseball Hall of Fame,40.748171,-73.986259,
Madison Square Garden,40.750556,-73.993611,
American Theater Hall of Fame,40.762497,-73.98497,
Marea,40.767387,-73.98112,
Jean Georges,40.769086,-73.981422,
Masa,40.768637,-73.983127,
Betony,40.764237,-73.976402,
Per Se,40.768293,-73.982793,
Lexington Candy Shop,40.777477,-73.957287,
Goddard Institute for Space Studies,40.805422,-73.965436,
Bronx Walk of Fame,40.826983,-73.922602,
Hall of Fame for Great Americans,40.858799,-73.913953,
White Manna Hamburgers,40.889184,-74.038434,
Verizon 2000 Corporate Dr,41.0400227,-73.9898524,
Verizon 111 Main St,41.032452,-73.770873,
Rye Playland,40.965491,-73.677004,
Verizon 239 W Rte 59,41.1094588,-74.0469952,
Verizon 500 Summit Lake Dr,41.1006785,-73.7810693,
The Apollo Theatre Hall of Fame,40.810021,-73.950047,
The Little Owl,40.737358,-74.001775,
The Spotted Pig,40.735583,-74.00669,
Minetta Tavern,40.730009,-74.000691,
Babbo Ristorante,40.732346,-73.999227,
Corner Bistro,40.737972,-74.003764,
Sushi Nakazawa,40.731754,-74.00455,
Gotham Bar & Grill,40.734084,-73.993801,
Brindle Room,40.72823,-73.982758,
Alder,40.72968,-73.987124,
Momofuku Ssam Bar,40.73177,-73.985956,
Ippudo,40.730893,-73.990233,
Il Buco Alimentari & Vineria,40.726526,-73.992498,
Verizon 140 West St,40.7138034,-74.0129973,
Peter Luger,40.709828,-73.962452,
wd~50,40.719685,-73.984692,
Blue Hill at Stone Barns,40.73204,-73.999681,
Gramercy Tavern,40.738381,-73.988463,
Eleven Madison Park,40.741512,-73.986505,
ABC Kitchen,40.737855,-73.989506,
Momofuku Ko,40.728982,-73.984593,
Nobu,40.71944,-74.008881,
NoMad,40.744905,-73.988432,
Del Posto,40.743435,-74.007366,
Sushi Yasuda,40.751107,-73.973704,
Daniel,40.766728,-73.967608,
New York Mets Hall of Fame,40.755916,-73.849069,
Barclays Center,40.733611,-74.171111,
Verizon 100 Southgate Pkwy,40.7709098,-74.4772849,
Verizon 30 Independence Blvd,40.6530848,-74.5718612,
Verizon One Verizon WAY,40.7250243,-74.5333389,
Verizon 201 Centennial AVE,40.5449301,-74.4953301,
Verizon 999 W Main St,40.2390713,-74.3193419,
Verizon 8 Neshaminy Interplex,40.1220653,-74.9810591,
Verizon 1717 Arch ST,39.9554045,-75.169387,
Sketch Burger,39.970539,-75.130105,
Wells Fargo Center,39.901111,-75.171944,
Hardcore Hall of Fame,39.918283,-75.147224,
Zahav,39.946303,-75.145071,
Philadelphia Baseball Wall of Fame,39.906067,-75.166506,
Delaware Sports Museum and Hall of Fame,39.731809,-75.564174,
Verizon 99 Shawan Rd,39.4945391,-76.6519325,
Verizon 7600 Montpelier Rd,39.161063,-76.890229,
Verizon Center,38.898056,-77.020833,
Minibar by Jose Andres,38.896259,-77.023802,
Zaytinya,38.899027,-77.023628,
NASA Headquarters,38.88307,-77.015461,
Ray?s to the Third,38.893924,-77.077792,
CityZen,38.883595,-77.030427,
Komi,38.910097,-77.038208,
Verizon 13100 Columbia Pike,39.0709752,-76.9583232,
Verizon 22001 Loudoun County PKWY,39.0105011,-77.4709363,
Goddard Space Flight Center,38.991087,-76.852809,
Lacrosse Museum and National Hall of Fame,39.334673,-76.621819,
Dutch Wonderland,40.027031,-76.21831,
USA Field Hockey Hall of Fame,40.194215,-75.458042,
Verizon 180 Washington Valley Rd,40.6444059,-74.634952,
Sesame Place,40.185381,-74.872025,
Six Flags Great Adventure,40.136994,-74.439743,
Aviation Hall of Fame and Museum of New Jersey,40.852372,-74.055478,
The Elm,40.720914,-73.955717,
Le Bernardin,40.761546,-73.981788,
Al Di La,40.675301,-73.981396,
National Jewish Sports Hall of Fame and Museum,40.82922,-73.303341,
Ted's Restaurant,41.546837,-72.783402,
Naismith Memorial Basketball Hall of Fame,42.093714,-72.585096,
Volleyball Hall of Fame,42.205639,-72.606072,
International Tennis Hall of Fame,41.482789,-71.308297,
Six Flags New England,42.036791,-72.614602,
National Museum of Dance and Hall of Fame,43.065892,-73.790244,
The Great Escape & Splashwater Kingdom,43.352495,-73.697225,
U.S. National Museum of Racing and Hall of Fame,43.076264,-73.773411,
Verizon 6360 Thompson Rd,43.078345,-76.0866343,
National Women's Hall of Fame,42.910936,-76.797694,
Verizon 133 Calkins Rd,43.0665157,-77.6420318,
Seabreeze Amusement Park,43.231634,-77.542123,
Verizon 60 Public SQ,41.2455252,-75.88121,
Dorney Park and Wildwater Kingdom,40.578397,-75.53387,
Knoebels Amusement Resort,40.877839,-76.503917,
Harness Racing Museum & Hall of Fame,41.404217,-74.31937,
National Soccer Hall of Fame,42.447417,-75.112942,
National Distance Running Hall of Fame,43.103216,-75.228271,
National Baseball Hall of Fame and Museum,42.699958,-74.92321,
Magic Forest,43.397008,-73.702284,
Fore Street,43.657995,-70.250909,
International Boxing Hall of Fame,43.08938,-75.749813,
Verizon 300 Allegheny DR,40.6643169,-80.098236,
Kennywood,40.387588,-79.863684,
Verizon 2000 Highland RD,41.29607,-81.453023,
Quicken Loans Arena,41.496389,-81.688056,
NASA Glenn Research Center,41.418747,-81.854496,
Polka Hall of Fame,41.598378,-81.526941,
National Inventors Hall of Fame,41.079024,-81.517042,
Rock and Roll Hall of Fame,41.508542,-81.695377,
Verizon 1 Towne Sq,42.4833513,-83.2545078,
The Palace of Auburn Hills,42.696944,-83.245556,
Automotive Hall of Fame,42.302556,-83.237689,
National Polish-American Sports Hall of Fame,42.550664,-83.089399,
Cedar Point Amusement,41.481944,-82.683604,
Verizon 5165 Emerald Pkwy,40.1057272,-83.1278961,
Ohio State Varsity O Hall of Fame,40.010719,-83.021166,
Verizon 5000 Britton RD,40.0545212,-83.1324994,
Motorcycle Hall of Fame,39.933784,-82.782808,
Kermit Blosser Ohio Athletics Hall of Fame,39.323292,-82.105604,
Goddard IV and V Facility,39.43057,-80.198,
Verizon 3011 Hungary Spring Rd,37.624795,-77.52094,
Water Country USA,37.26166,-76.636488,
Langely Research Center,37.101406,-76.39344,
Busch Gardens Williamsburg,37.23862,-76.64448,
Virginia Sports Hall of Fame and Museum,36.835745,-76.299085,
Verizon 6400 Weston Pkwy,35.8312669,-78.789056,
Verizon 10100 Sardis Crossing DR,35.136355,-80.732037,
Verizon 3700 Arco Corporate Dr,35.1514481,-80.9473904,
Time Warner Cable Arena,35.225,-80.839167,
Camp Wilderness Resort,35.10085,-80.94987,
Verizon 501 Spears Creek Church RD,34.1110633,-80.8353538,
Verizon 701 Brookfield PKWY,34.8153,-82.281457,
Verizon 5055 N Point PKWY,34.0553182,-84.2772775,
Philips Arena,33.757222,-84.396389,
The Varsity,33.771693,-84.389328,
College Football Hall of Fame,33.760558,-84.395761,
Atlanta Braves Museum and Hall of Fame,33.734836,-84.388624,
Holeman & Finch Public House,33.815928,-84.390386,
The Vortex,33.779063,-84.384481,
Six Flags Over Georgia,33.768444,-84.549689,
International Motorsports Hall of Fame,33.578323,-86.072406,
Alabama Jazz Hall of Fame,33.514943,-86.81185,
Verizon 300 River Rock Blvd,35.8435351,-86.4347353,
Country Music Hall of Fame,36.158278,-86.776131,
Nashville Songwriters Foundation,36.156741,-86.778207,
Catbird Seat,36.151281,-86.794112,
International Bluegrass Music Hall of Fame,37.775228,-87.1098,
